<?xml version="1.0" encoding="UTF-8" standalone="yes"?><holdings><MMS_ID_991019534550903851><holding><holding_id>22406746910003851</holding_id><created_by>Acquisition (PO line POL-110177)</created_by><created_date>2025-08-11Z</created_date><last_modified_by>exl_api</last_modified_by><last_modified_date>2025-10-09Z</last_modified_date><suppress_from_publishing>false</suppress_from_publishing><calculated_suppress_from_publishing>false</calculated_suppress_from_publishing><record><leader>00963nx  a22001691n 4500</leader><controlfield tag="008">1011252u    8   4001uueng0000000</controlfield><controlfield tag="005">20251009104632.0</controlfield><datafield ind1="0" ind2=" " tag="852"><subfield code="b">TISCH</subfield><subfield code="c">TISCHS</subfield><subfield code="h">PT2719.A45</subfield><subfield code="i">A628 2014</subfield></datafield><datafield ind1="1" ind2=" " tag="541"><subfield code="3">Tisch Library copy:</subfield><subfield code="c">Gift;</subfield><subfield code="a">Professor Pedro &#193;ngel Palou;</subfield><subfield code="d">202508.</subfield><subfield code="5">MMeT</subfield></datafield><datafield ind1="1" ind2=" " tag="541"><subfield code="3">Tisch Library copy:</subfield><subfield code="c">Gift;</subfield><subfield code="a">Professor Pedro &#193;ngel Palou;</subfield><subfield code="d">202508.</subfield><subfield code="5">MMeT</subfield></datafield><datafield ind1="1" ind2=" " tag="541"><subfield code="3">Tisch Library copy:</subfield><subfield code="c">Gift;</subfield><subfield code="a">Professor Pedro &#193;ngel Palou;</subfield><subfield code="d">202508.</subfield><subfield code="5">MMeT</subfield></datafield><datafield ind1="1" ind2=" " tag="541"><subfield code="3">Tisch Library copy:</subfield><subfield code="c">Gift;</subfield><subfield code="a">Professor Pedro &#193;ngel Palou;</subfield><subfield code="d">202508.</subfield><subfield code="5">MMeT</subfield></datafield><datafield ind1="1" ind2=" " tag="541"><subfield code="3">Tisch Library copy:</subfield><subfield code="c">Gift;</subfield><subfield code="a">Professor Pedro &#193;ngel Palou;</subfield><subfield code="d">202508.</subfield><subfield code="5">MMeT</subfield></datafield><datafield ind1="1" ind2=" " tag="541"><subfield code="3">Tisch Library copy:</subfield><subfield code="c">Gift;</subfield><subfield code="a">Professor Pedro &#193;ngel Palou;</subfield><subfield code="d">202508.</subfield><subfield code="5">MMeT</subfield></datafield><datafield ind1="1" ind2=" " tag="541"><subfield code="3">Tisch Library copy:</subfield><subfield code="c">Gift;</subfield><subfield code="a">Professor Pedro &#193;ngel Palou;</subfield><subfield code="d">202508.</subfield><subfield code="5">MMeT</subfield></datafield><datafield ind1="1" ind2=" " tag="541"><subfield code="3">Tisch Library copy:</subfield><subfield code="c">Gift;</subfield><subfield code="a">Professor Pedro &#193;ngel Palou;</subfield><subfield code="d">202508.</subfield><subfield code="5">MMeT</subfield></datafield><datafield ind1="1" ind2=" " tag="541"><subfield code="3">Tisch Library copy:</subfield><subfield code="c">Gift;</subfield><subfield code="a">Professor Pedro &#193;ngel Palou;</subfield><subfield code="d">202508.</subfield><subfield code="5">MMeT</subfield></datafield><datafield ind1="1" ind2=" " tag="541"><subfield code="3">Tisch Library copy:</subfield><subfield code="c">Gift;</subfield><subfield code="a">Professor Pedro &#193;ngel Palou;</subfield><subfield code="d">202508.</subfield><subfield code="5">MMeT</subfield></datafield></record></holding></MMS_ID_991019534550903851><MMS_ID_991019534050803851><holding><holding_id>22406746790003851</holding_id><created_by>Acquisition (PO line POL-110181)</created_by><created_date>2025-08-11Z</created_date><last_modified_by>exl_api</last_modified_by><last_modified_date>2025-10-09Z</last_modified_date><suppress_from_publishing>false</suppress_from_publishing><calculated_suppress_from_publishing>false</calculated_suppress_from_publishing><record><leader>00940nx  a22001691n 4500</leader><controlfield tag="008">1011252u    8   4001uueng0000000</controlfield><controlfield tag="005">20251009104636.0</controlfield><datafield ind1="0" ind2=" " tag="852"><subfield code="b">TISCH</subfield><subfield code="c">TISCHS</subfield></datafield><datafield ind1="1" ind2=" " tag="541"><subfield code="3">Tisch Library copy:</subfield><subfield code="c">Gift;</subfield><subfield code="a">Professor Pedro &#193;ngel Palou;</subfield><subfield code="d">202508.</subfield><subfield code="5">MMeT</subfield></datafield><datafield ind1="1" ind2=" " tag="541"><subfield code="3">Tisch Library copy:</subfield><subfield code="c">Gift;</subfield><subfield code="a">Professor Pedro &#193;ngel Palou;</subfield><subfield code="d">202508.</subfield><subfield code="5">MMeT</subfield></datafield><datafield ind1="1" ind2=" " tag="541"><subfield code="3">Tisch Library copy:</subfield><subfield code="c">Gift;</subfield><subfield code="a">Professor Pedro &#193;ngel Palou;</subfield><subfield code="d">202508.</subfield><subfield code="5">MMeT</subfield></datafield><datafield ind1="1" ind2=" " tag="541"><subfield code="3">Tisch Library copy:</subfield><subfield code="c">Gift;</subfield><subfield code="a">Professor Pedro &#193;ngel Palou;</subfield><subfield code="d">202508.</subfield><subfield code="5">MMeT</subfield></datafield><datafield ind1="1" ind2=" " tag="541"><subfield code="3">Tisch Library copy:</subfield><subfield code="c">Gift;</subfield><subfield code="a">Professor Pedro &#193;ngel Palou;</subfield><subfield code="d">202508.</subfield><subfield code="5">MMeT</subfield></datafield><datafield ind1="1" ind2=" " tag="541"><subfield code="3">Tisch Library copy:</subfield><subfield code="c">Gift;</subfield><subfield code="a">Professor Pedro &#193;ngel Palou;</subfield><subfield code="d">202508.</subfield><subfield code="5">MMeT</subfield></datafield><datafield ind1="1" ind2=" " tag="541"><subfield code="3">Tisch Library copy:</subfield><subfield code="c">Gift;</subfield><subfield code="a">Professor Pedro &#193;ngel Palou;</subfield><subfield code="d">202508.</subfield><subfield code="5">MMeT</subfield></datafield><datafield ind1="1" ind2=" " tag="541"><subfield code="3">Tisch Library copy:</subfield><subfield code="c">Gift;</subfield><subfield code="a">Professor Pedro &#193;ngel Palou;</subfield><subfield code="d">202508.</subfield><subfield code="5">MMeT</subfield></datafield><datafield ind1="1" ind2=" " tag="541"><subfield code="3">Tisch Library copy:</subfield><subfield code="c">Gift;</subfield><subfield code="a">Professor Pedro &#193;ngel Palou;</subfield><subfield code="d">202508.</subfield><subfield code="5">MMeT</subfield></datafield><datafield ind1="1" ind2=" " tag="541"><subfield code="3">Tisch Library copy:</subfield><subfield code="c">Gift;</subfield><subfield code="a">Professor Pedro &#193;ngel Palou;</subfield><subfield code="d">202508.</subfield><subfield code="5">MMeT</subfield></datafield></record></holding></MMS_ID_991019534050803851><MMS_ID_991019530449403851><holding><holding_id>22406447620003851</holding_id><created_by>Acquisition (PO line POL-110049)</created_by><created_date>2025-08-04Z</created_date><last_modified_by>exl_api</last_modified_by><last_modified_date>2025-10-09Z</last_modified_date><suppress_from_publishing>false</suppress_from_publishing><calculated_suppress_from_publishing>false</calculated_suppress_from_publishing><record><leader>00962nx  a22001691n 4500</leader><controlfield tag="008">1011252u    8   4001uueng0000000</controlfield><controlfield tag="005">20251009104639.0</controlfield><datafield ind1="0" ind2=" " tag="852"><subfield code="b">TISCH</subfield><subfield code="c">TISCHS</subfield><subfield code="h">PS3565.A8</subfield><subfield code="i">A615 2023</subfield></datafield><datafield ind1="1" ind2=" " tag="541"><subfield code="3">Tisch Library copy:</subfield><subfield code="c">Gift;</subfield><subfield code="a">Professor Pedro &#193;ngel Palou;</subfield><subfield code="d">202508.</subfield><subfield code="5">MMeT</subfield></datafield><datafield ind1="1" ind2=" " tag="541"><subfield code="3">Tisch Library copy:</subfield><subfield code="c">Gift;</subfield><subfield code="a">Professor Pedro &#193;ngel Palou;</subfield><subfield code="d">202508.</subfield><subfield code="5">MMeT</subfield></datafield><datafield ind1="1" ind2=" " tag="541"><subfield code="3">Tisch Library copy:</subfield><subfield code="c">Gift;</subfield><subfield code="a">Professor Pedro &#193;ngel Palou;</subfield><subfield code="d">202508.</subfield><subfield code="5">MMeT</subfield></datafield><datafield ind1="1" ind2=" " tag="541"><subfield code="3">Tisch Library copy:</subfield><subfield code="c">Gift;</subfield><subfield code="a">Professor Pedro &#193;ngel Palou;</subfield><subfield code="d">202508.</subfield><subfield code="5">MMeT</subfield></datafield><datafield ind1="1" ind2=" " tag="541"><subfield code="3">Tisch Library copy:</subfield><subfield code="c">Gift;</subfield><subfield code="a">Professor Pedro &#193;ngel Palou;</subfield><subfield code="d">202508.</subfield><subfield code="5">MMeT</subfield></datafield><datafield ind1="1" ind2=" " tag="541"><subfield code="3">Tisch Library copy:</subfield><subfield code="c">Gift;</subfield><subfield code="a">Professor Pedro &#193;ngel Palou;</subfield><subfield code="d">202508.</subfield><subfield code="5">MMeT</subfield></datafield><datafield ind1="1" ind2=" " tag="541"><subfield code="3">Tisch Library copy:</subfield><subfield code="c">Gift;</subfield><subfield code="a">Professor Pedro &#193;ngel Palou;</subfield><subfield code="d">202508.</subfield><subfield code="5">MMeT</subfield></datafield><datafield ind1="1" ind2=" " tag="541"><subfield code="3">Tisch Library copy:</subfield><subfield code="c">Gift;</subfield><subfield code="a">Professor Pedro &#193;ngel Palou;</subfield><subfield code="d">202508.</subfield><subfield code="5">MMeT</subfield></datafield><datafield ind1="1" ind2=" " tag="541"><subfield code="3">Tisch Library copy:</subfield><subfield code="c">Gift;</subfield><subfield code="a">Professor Pedro &#193;ngel Palou;</subfield><subfield code="d">202508.</subfield><subfield code="5">MMeT</subfield></datafield><datafield ind1="1" ind2=" " tag="541"><subfield code="3">Tisch Library copy:</subfield><subfield code="c">Gift;</subfield><subfield code="a">Professor Pedro &#193;ngel Palou;</subfield><subfield code="d">202508.</subfield><subfield code="5">MMeT</subfield></datafield></record></holding></MMS_ID_991019530449403851><MMS_ID_991019545730403851><holding><holding_id>22407210830003851</holding_id><created_by>Acquisition (PO line POL-110513)</created_by><created_date>2025-08-22Z</created_date><last_modified_by>exl_api</last_modified_by><last_modified_date>2025-10-09Z</last_modified_date><suppress_from_publishing>false</suppress_from_publishing><calculated_suppress_from_publishing>false</calculated_suppress_from_publishing><record><leader>00966nx  a22001691n 4500</leader><controlfield tag="008">1011252u    8   4001uueng0000000</controlfield><controlfield tag="005">20251009104642.0</controlfield><datafield ind1="0" ind2=" " tag="852"><subfield code="b">TISCH</subfield><subfield code="c">TISCHS</subfield><subfield code="h">PQ8180.416.E75</subfield><subfield code="i">H65 2017</subfield></datafield><datafield ind1="1" ind2=" " tag="541"><subfield code="3">Tisch Library copy:</subfield><subfield code="c">Gift;</subfield><subfield code="a">Professor Pedro &#193;ngel Palou;</subfield><subfield code="d">202508.</subfield><subfield code="5">MMeT</subfield></datafield><datafield ind1="1" ind2=" " tag="541"><subfield code="3">Tisch Library copy:</subfield><subfield code="c">Gift;</subfield><subfield code="a">Professor Pedro &#193;ngel Palou;</subfield><subfield code="d">202508.</subfield><subfield code="5">MMeT</subfield></datafield><datafield ind1="1" ind2=" " tag="541"><subfield code="3">Tisch Library copy:</subfield><subfield code="c">Gift;</subfield><subfield code="a">Professor Pedro &#193;ngel Palou;</subfield><subfield code="d">202508.</subfield><subfield code="5">MMeT</subfield></datafield><datafield ind1="1" ind2=" " tag="541"><subfield code="3">Tisch Library copy:</subfield><subfield code="c">Gift;</subfield><subfield code="a">Professor Pedro &#193;ngel Palou;</subfield><subfield code="d">202508.</subfield><subfield code="5">MMeT</subfield></datafield><datafield ind1="1" ind2=" " tag="541"><subfield code="3">Tisch Library copy:</subfield><subfield code="c">Gift;</subfield><subfield code="a">Professor Pedro &#193;ngel Palou;</subfield><subfield code="d">202508.</subfield><subfield code="5">MMeT</subfield></datafield><datafield ind1="1" ind2=" " tag="541"><subfield code="3">Tisch Library copy:</subfield><subfield code="c">Gift;</subfield><subfield code="a">Professor Pedro &#193;ngel Palou;</subfield><subfield code="d">202508.</subfield><subfield code="5">MMeT</subfield></datafield><datafield ind1="1" ind2=" " tag="541"><subfield code="3">Tisch Library copy:</subfield><subfield code="c">Gift;</subfield><subfield code="a">Professor Pedro &#193;ngel Palou;</subfield><subfield code="d">202508.</subfield><subfield code="5">MMeT</subfield></datafield><datafield ind1="1" ind2=" " tag="541"><subfield code="3">Tisch Library copy:</subfield><subfield code="c">Gift;</subfield><subfield code="a">Professor Pedro &#193;ngel Palou;</subfield><subfield code="d">202508.</subfield><subfield code="5">MMeT</subfield></datafield><datafield ind1="1" ind2=" " tag="541"><subfield code="3">Tisch Library copy:</subfield><subfield code="c">Gift;</subfield><subfield code="a">Professor Pedro &#193;ngel Palou;</subfield><subfield code="d">202508.</subfield><subfield code="5">MMeT</subfield></datafield><datafield ind1="1" ind2=" " tag="541"><subfield code="3">Tisch Library copy:</subfield><subfield code="c">Gift;</subfield><subfield code="a">Professor Pedro &#193;ngel Palou;</subfield><subfield code="d">202508.</subfield><subfield code="5">MMeT</subfield></datafield></record></holding></MMS_ID_991019545730403851><MMS_ID_991019532350003851><holding><holding_id>22406597290003851</holding_id><created_by>Acquisition (PO line POL-110131)</created_by><created_date>2025-08-08Z</created_date><last_modified_by>exl_api</last_modified_by><last_modified_date>2025-10-09Z</last_modified_date><suppress_from_publishing>false</suppress_from_publishing><calculated_suppress_from_publishing>false</calculated_suppress_from_publishing><record><leader>00873nx  a22001571n 4500</leader><controlfield tag="008">1011252u    8   4001uueng0000000</controlfield><controlfield tag="005">20251009104647.0</controlfield><datafield ind1="0" ind2=" " tag="852"><subfield code="b">TISCH</subfield><subfield code="c">TISCHS</subfield><subfield code="h">PQ6655.S717</subfield><subfield code="i">A56 2019</subfield></datafield><datafield ind1="1" ind2=" " tag="541"><subfield code="3">Tisch Library copy:</subfield><subfield code="c">Gift;</subfield><subfield code="a">Professor Pedro &#193;ngel Palou;</subfield><subfield code="d">202508.</subfield><subfield code="5">MMeT</subfield></datafield><datafield ind1="1" ind2=" " tag="541"><subfield code="3">Tisch Library copy:</subfield><subfield code="c">Gift;</subfield><subfield code="a">Professor Pedro &#193;ngel Palou;</subfield><subfield code="d">202508.</subfield><subfield code="5">MMeT</subfield></datafield><datafield ind1="1" ind2=" " tag="541"><subfield code="3">Tisch Library copy:</subfield><subfield code="c">Gift;</subfield><subfield code="a">Professor Pedro &#193;ngel Palou;</subfield><subfield code="d">202508.</subfield><subfield code="5">MMeT</subfield></datafield><datafield ind1="1" ind2=" " tag="541"><subfield code="3">Tisch Library copy:</subfield><subfield code="c">Gift;</subfield><subfield code="a">Professor Pedro &#193;ngel Palou;</subfield><subfield code="d">202508.</subfield><subfield code="5">MMeT</subfield></datafield><datafield ind1="1" ind2=" " tag="541"><subfield code="3">Tisch Library copy:</subfield><subfield code="c">Gift;</subfield><subfield code="a">Professor Pedro &#193;ngel Palou;</subfield><subfield code="d">202508.</subfield><subfield code="5">MMeT</subfield></datafield><datafield ind1="1" ind2=" " tag="541"><subfield code="3">Tisch Library copy:</subfield><subfield code="c">Gift;</subfield><subfield code="a">Professor Pedro &#193;ngel Palou;</subfield><subfield code="d">202508.</subfield><subfield code="5">MMeT</subfield></datafield><datafield ind1="1" ind2=" " tag="541"><subfield code="3">Tisch Library copy:</subfield><subfield code="c">Gift;</subfield><subfield code="a">Professor Pedro &#193;ngel Palou;</subfield><subfield code="d">202508.</subfield><subfield code="5">MMeT</subfield></datafield><datafield ind1="1" ind2=" " tag="541"><subfield code="3">Tisch Library copy:</subfield><subfield code="c">Gift;</subfield><subfield code="a">Professor Pedro &#193;ngel Palou;</subfield><subfield code="d">202508.</subfield><subfield code="5">MMeT</subfield></datafield><datafield ind1="1" ind2=" " tag="541"><subfield code="3">Tisch Library copy:</subfield><subfield code="c">Gift;</subfield><subfield code="a">Professor Pedro &#193;ngel Palou;</subfield><subfield code="d">202508.</subfield><subfield code="5">MMeT</subfield></datafield></record></holding></MMS_ID_991019532350003851></holdings>